Date,Bankers Counter,Bankers Percent,All matches counter,All matches percent
2021-05-19,19,78.900001525879,108,65.69999694824219
2021-05-21,5,80,43,62.79999923706055
2021-05-23,18,60,161,60.099998474121094
2021-05-22,19,65.199996948242,141,59.20000076293945
2021-05-24,5,100,47,59.849998474121094
2021-05-25,3,66.666603088379,26,53.84619903564453
2021-05-26,2,100,59,55.93220138549805
2021-05-27,4,75,21,38.09519958496094
2021-05-28,1,100,27,62.9630012512207
2021-05-29,13,84.61540222168,99,57.575801849365234
2021-05-30,3,33.333301544189,103,62.13589859008789
2021-06-02,1,100,20,65
2021-06-05,6,100,74,54.054100036621094
2021-06-06,3,33.333301544189,38,65.78949737548828
2021-06-12,7,71.428596496582,97,62.886600494384766
2021-06-13,9,66.666702270508,103,63.1068000793457
2021-06-14,5,40,30,43.33330154418945
2021-06-15,1,100,38,60.52629852294922
2021-06-16,3,66.666603088379,52,67.30770111083984
2021-06-17,3,66.666603088379,38,71.05259704589844
2021-06-18,4,75,48,70.83329772949219
2021-06-19,8,75,78,60.25640106201172
2021-06-20,3,66.666702270508,92,63.04349899291992
2021-06-21,4,75,28,71.42859649658203
2021-06-22,4,75,37,67.56759643554688
2021-06-23,3,66.666702270508,62,64.51609802246094
2021-06-24,2,50,39,46.15380096435547
2021-06-25,1,100,26,53.84619903564453
2021-06-26,7,85.714302062988,72,63.88890075683594
2021-06-27,9,55.555599212646,115,58.26089859008789
2021-06-28,3,66.666000366211,46,52.17390060424805
2021-06-30,5,60,51,56.862701416015625
2021-07-01,4,100,42,59.523799896240234
2021-07-02,2,50,40,47.5
2021-07-03,4,50,84,65.4761962890625
2021-07-04,6,66.666702270508,101,60.395999908447266
2021-07-05,3,33.333301544189,37,67.56759643554688
2021-07-07,0,0,32,53.125
2021-07-08,2,50,32,59.375
2021-07-09,2,100,26,61.53850173950195
2021-07-10,4,50,70,54.285701751708984
2021-07-11,5,60,85,61.17649841308594
2021-07-12,2,50,30,53.33330154418945
2021-07-13,0,0,23,65.21739959716797
2021-07-15,2,0,31,74.193603515625
2021-07-16,1,100,30,60
2021-07-17,11,72.72730255127,124,58.06449890136719
2021-07-18,3,66.666603088379,102,66.66670227050781
2021-07-19,2,100,37,62.162200927734375
2021-07-21,3,100,51,76.47059631347656
2021-07-22,1,0,23,56.52170181274414
2021-07-23,7,71.428596496582,70,64.28569793701172
2021-07-24,3,33.333301544189,65,63.076900482177734
2021-07-25,6,83.333297729492,111,64.86489868164062
2021-07-26,0,0,32,56.25
2021-07-27,3,66.666702270508,46,65.21739959716797
2021-07-28,4,75,66,69.6969985961914
2021-07-30,2,100,83,66.26509857177734
2021-07-31,0,0,151,57.61589813232422
2021-08-01,5,40,177,57.06209945678711
2021-08-02,3,100,68,57.352901458740234
2021-08-03,0,0,29,62.069000244140625
2021-08-04,2,50,39,64.10260009765625
2021-08-05,2,100,20,80
2021-08-06,2,100,88,68.18180084228516
2021-08-08,2,50,170,61.17649841308594
2021-08-09,4,75,78,65.38459777832031
2021-08-11,0,0,20,60
2021-08-12,0,0,25,48
2021-08-13,6,66.666702270508,119,57.14289855957031
2021-08-14,19,63.157901763916,373,61.125999450683594
2021-08-15,14,57.14289855957,243,63.3745002746582
2021-08-16,2,100,69,60.869598388671875
2021-08-17,0,0,89,64.0448989868164
2021-08-18,5,60,100,64
2021-08-19,1,0,53,69.8113021850586
2021-08-20,2,100,110,63.63639831542969
2021-08-21,8,87.5,424,58.4906005859375
2021-08-22,6,50,286,65.03500366210938
2021-08-23,2,50,72,63.88890075683594
2021-08-24,2,50,70,61.4286003112793
2021-08-25,5,80,79,56.96200180053711
2021-08-26,0,0,35,62.85710144042969
2021-08-27,3,100,122,62.295101165771484
2021-08-28,13,69.230796813965,434,60.13819885253906
2021-08-29,5,100,289,65.39790344238281
2021-08-30,0,0,85,65.88240051269531
2021-08-31,1,100,30,66.66670227050781
2021-09-01,6,66.666702270508,48,66.66670227050781
2021-09-02,0,0,42,69.04759979248047
2021-09-03,1,0,72,62.5
2021-09-04,2,50,209,59.80860137939453
2021-09-05,5,40,125,59.20000076293945
2021-09-06,0,0,33,54.545501708984375
2021-09-07,7,57.14289855957,66,59.09090042114258
2021-09-08,5,20,43,46.511600494384766
2021-09-10,8,50,116,54.310298919677734
2021-09-11,10,60,445,60
2021-09-12,4,50,290,65.17240142822266
2021-09-13,1,100,75,62.66669845581055
2021-09-14,3,100,86,50
2021-09-15,5,40,79,59.49369812011719
2021-09-16,3,66.666702270508,42,64.28569793701172
2021-09-17,2,100,116,56.89649963378906
2021-09-18,9,44.444400787354,421,56.76959991455078
2021-09-19,7,57.14289855957,285,61.0526008605957
2021-09-20,3,66.666702270508,60,63.33330154418945
2021-09-21,3,100,65,67.69229888916016
2021-09-22,3,66.666702270508,107,60.74769973754883
2021-09-23,2,100,58,58.62070083618164
2021-09-24,10,40,114,57.01750183105469
2021-09-25,27,59.259300231934,434,58.75579833984375
2021-09-26,11,90.909103393555,328,61.28049850463867
2021-09-27,0,0,52,55.76919937133789
2021-09-28,2,0,61,47.54100036621094
2021-09-29,4,50,78,66.66670227050781
2021-09-30,4,75,40,57.5
2021-10-01,3,66.666702270508,124,61.29029846191406
2021-10-02,22,68.181800842285,401,58.35409927368164
2021-10-03,17,47.058799743652,333,57.65769958496094
2021-10-04,1,100,41,51.21950149536133
2021-10-05,3,66.666702270508,41,48.78049850463867
2021-10-06,2,50,42,69.04759979248047
2021-10-07,5,80,33,66.66670227050781
2021-10-08,8,87.5,85,56.47060012817383
2021-10-09,24,75,253,57.312198638916016
2021-10-10,18,66.666702270508,117,61.53850173950195
2021-10-11,8,75,41,56.097599029541016
2021-10-13,4,75,30,50
2021-10-13,4,75,30,50
2021-10-14,3,100,24,58.33330154418945
2021-10-26,6,50,91,62.63740158081055
2021-10-29,7,71.428596496582,98,68.36730194091797
2021-10-30,17,76.470596313477,382,65.44499969482422
2021-10-30,17,76.470596313477,382,65.44499969482422
2021-11-01,2,50,79,73.4177017211914
2021-11-02,2,50,65,67.69229888916016
2021-11-03,2,100,70,64.28569793701172
2021-11-04,0,0,36,77.77780151367188
2021-11-05,5,60,121,73.55370330810547
2021-11-06,14,92.85710144043,411,66.42340087890625
2021-11-07,25,72,312,68.9103012084961
2021-11-08,1,100,30,73.33329772949219
2021-11-09,0,0,29,62.069000244140625
2021-11-10,0,0,25,60
2021-11-11,7,57.14289855957,41,70.73169708251953
2021-11-12,1,100,43,72.09300231933594
2021-11-13,5,40,176,58.522701263427734
2021-11-14,4,100,111,72.07209777832031
2021-11-15,4,25,43,60.4650993347168
2021-11-16,2,100,41,75.60980224609375
2021-11-17,3,0,22,45.454498291015625
2021-11-19,4,50,100,71
2021-11-20,15,73.333297729492,419,63.007198333740234
2021-11-21,9,44.444400787354,275,68
2021-11-22,5,40,52,57.692298889160156
2021-11-23,2,50,77,67.53250122070312
2021-11-24,2,50,73,61.643798828125
2021-11-25,3,66.666702270508,64,60.9375
2021-11-26,3,66.666702270508,84,64.28569793701172
2021-11-27,5,60,310,62.58060073852539
2021-11-28,11,72.72730255127,266,65.03759765625
2021-11-29,2,100,41,73.17070007324219
2021-11-30,2,50,55,74.54550170898438
2021-12-01,4,75,65,73.84619903564453
2021-12-02,2,100,28,67.85710144042969
2021-12-03,4,50,87,60.919498443603516
2021-12-04,6,100,305,65.57379913330078
2021-12-05,5,100,221,70.13569641113281
2021-12-06,3,66.666702270508,48,72.91670227050781
2021-12-07,0,0,48,66.66670227050781
2021-12-08,1,0,41,60.97560119628906
2021-12-09,4,75,43,74.4186019897461
2021-12-10,3,66.666702270508,75,61.33330154418945
2021-12-11,5,60,297,69.02359771728516
2021-12-12,4,50,158,67.0886001586914
2021-12-13,0,0,31,70.96769714355469
2021-12-14,2,100,42,69.04759979248047
2021-12-15,5,100,44,70.45449829101562
2021-12-16,2,100,27,74.0740966796875
2021-12-17,5,40,53,56.60380172729492
2021-12-18,3,33.333301544189,188,62.76599884033203
2021-12-19,5,40,125,69.5999984741211
2021-12-21,0,0,43,81.39530181884766
2021-12-22,4,75,66,63.63639831542969
2021-12-25,1,100,32,62.5
2021-12-26,4,75,93,64.51609802246094
2021-12-27,4,100,42,66.66670227050781
2021-12-28,2,0,48,60.41669845581055
2021-12-29,1,100,32,65.625
2021-12-30,1,100,20,55
2022-01-01,3,66.666702270508,59,55.93220138549805
2022-01-02,1,0,69,66.66670227050781
2022-01-03,4,100,33,54.545501708984375
2022-01-07,3,33.333301544189,30,76.66670227050781
2022-01-08,1,100,127,61.417301177978516
2022-01-09,2,100,55,67.27269744873047
2022-01-11,0,0,42,61.90480041503906
2022-01-14,1,100,33,60.60609817504883
2022-01-15,6,83.333297729492,179,64.80449676513672
2022-01-16,10,80,82,63.41460037231445
2022-01-17,3,100,23,73.91300201416016
2022-01-18,3,100,44,70.45449829101562
2022-01-19,3,66.666702270508,28,46.4286003112793
2022-01-21,2,100,57,70.17539978027344
2022-01-22,8,75,232,64.2240982055664
2022-01-23,6,83.333297729492,109,66.97250366210938
2022-01-25,2,50,87,65.51719665527344
2022-01-26,0,0,56,66.07140350341797
2022-01-27,0,0,27,59.259300231933594
2022-01-28,0,0,42,66.66670227050781
2022-01-29,2,50,214,60.74769973754883
2022-01-30,0,0,121,58.67770004272461
2022-01-31,0,0,21,47.61899948120117
2022-02-01,2,50,68,63.23529815673828
2022-02-02,1,100,66,68.18180084228516
2022-02-03,0,0,31,64.51609802246094
2022-02-04,1,100,62,79.03230285644531
2022-02-05,8,62.5,291,63.91749954223633
2022-02-06,2,100,191,66.49210357666016
2022-02-07,0,0,34,76.47059631347656
2022-02-08,1,100,83,72.28919982910156
2022-02-09,3,100,69,68.11589813232422
2022-02-10,1,100,36,63.88890075683594
2022-02-11,2,0,77,72.72730255126953
2022-02-12,7,57.14289855957,325,68.30770111083984
2022-02-13,2,100,224,66.07140350341797
2022-02-14,2,100,49,67.3469009399414
2022-02-15,2,100,88,57.954498291015625
2022-02-16,3,33.333301544189,84,64.28569793701172
2022-02-17,2,100,39,53.84619903564453
2022-02-18,1,0,72,59.722198486328125
2022-02-19,14,57.14289855957,336,65.17859649658203
2022-02-20,10,60,256,67.1875
2022-02-21,0,0,52,57.692298889160156
2022-02-22,2,100,85,60
2022-02-23,4,75,83,62.65060043334961
2022-02-24,0,0,35,51.4286003112793
2022-02-25,7,85.714302062988,122,71.3115005493164
2022-02-26,14,78.571403503418,393,65.9032974243164
2022-02-27,7,42.85710144043,301,64.45179748535156
2022-02-28,4,50,59,62.71189880371094
2022-03-01,4,100,90,66.66670227050781
2022-03-02,2,100,88,70.45449829101562
2022-03-03,2,100,33,72.72730255126953
2022-03-04,1,100,109,61.467899322509766
2022-03-05,14,71.428596496582,445,63.59550094604492
2022-03-06,17,82.352897644043,331,69.78849792480469
2022-03-07,3,100,71,61.9718017578125
2022-03-08,5,60,85,64.70590209960938
2022-03-09,2,50,118,68.64409637451172
2022-03-10,1,100,43,55.81399917602539
2022-03-11,8,62.5,118,68.64409637451172
2022-03-12,11,81.818199157715,410,66.09760284423828
2022-03-13,18,66.666702270508,329,63.82979965209961
2022-03-14,5,60,55,58.181800842285156
2022-03-15,5,40,112,72.32140350341797
2022-03-16,1,100,81,60.49380111694336
2022-03-17,2,100,35,51.4286003112793
2022-03-18,8,75,124,60.4838981628418
2022-03-19,13,61.538501739502,437,67.9634017944336
2022-03-20,20,55,305,66.55740356445312
2022-03-21,0,0,33,84.84850311279297
2022-03-22,3,100,72,65.27780151367188
2022-03-23,0,0,48,70.83329772949219
2022-03-24,0,0,40,72.5
2022-03-26,8,87.5,213,62.91080093383789
2022-03-27,5,80,119,72.2688980102539
2022-03-29,3,33.333301544189,38,68.42109680175781
2022-03-30,5,100,130,63.84619903564453
2022-03-31,1,0,30,56.66669845581055
2022-04-01,8,87.5,110,62.727298736572266
2022-04-02,30,76.666702270508,458,63.53710174560547
2022-04-03,20,75,371,65.2291030883789
2022-04-04,8,75,74,72.9729995727539
2022-04-05,10,80,105,69.5238037109375
2022-04-06,7,71.428596496582,145,62.75859832763672
2022-04-07,0,0,21,71.42859649658203
2022-04-08,4,25,104,57.692298889160156
2022-04-09,32,81.25,493,67.54560089111328
2022-04-10,29,82.758598327637,451,67.84919738769531
2022-04-11,3,66.666702270508,66,66.66670227050781
2022-04-12,3,66.666702270508,46,63.04349899291992
2022-04-13,6,66.666702270508,66,63.63639831542969
2022-04-14,4,25,121,61.98350143432617
2022-04-15,12,66.666702270508,198,66.1615982055664
2022-04-16,22,72.72730255127,406,64.28569793701172
2022-04-17,11,63.63639831543,277,60.28879928588867
2022-04-18,12,75,253,67.98419952392578
2022-04-19,3,33.333301544189,76,61.842098236083984
2022-04-20,5,60,118,66.10169982910156
2022-04-21,1,100,48,60.41669845581055
2022-04-22,6,66.666702270508,110,60
2022-04-23,21,76.190498352051,483,63.97520065307617
2022-04-24,21,76.190498352051,395,63.79750061035156
2022-04-25,1,100,94,61.70209884643555
2022-04-26,3,100,55,69.09089660644531
2022-04-27,3,66.666702270508,127,72.44090270996094
2022-04-28,0,0,29,51.724098205566406
2022-04-29,9,33.333301544189,167,55.6885986328125
2022-04-30,19,73.684196472168,433,65.58889770507812
2022-05-01,17,82.352897644043,324,68.51850128173828
2022-05-02,5,40,106,65.09429931640625
2022-05-03,2,100,52,65.38459777832031
2022-05-04,4,75,117,65.81199645996094
2022-05-05,2,100,40,62.5
2022-05-06,11,72.72730255127,149,69.12750244140625
2022-05-07,28,75,459,70.15249633789062
2022-05-08,20,70,375,68.2667007446289
2022-05-09,0,0,57,59.64910125732422
2022-05-10,9,88.888900756836,75,68
2022-05-11,8,87.5,91,65.93409729003906
2022-05-12,2,0,48,62.5
2022-05-13,3,100,103,74.7573013305664
2022-05-14,20,65,348,64.94249725341797
2022-05-15,30,60,377,66.84349822998047
2022-05-16,6,50,72,59.722198486328125
2022-05-17,3,100,44,59.09090042114258
2022-05-18,5,60,44,65.90910339355469
2022-05-19,1,100,41,73.17070007324219
2022-05-20,3,33.333301544189,79,63.291099548339844
2022-05-21,10,70,274,60.94889831542969
2022-05-22,10,60,289,68.51210021972656
2022-05-23,5,60,52,67.30770111083984
2022-05-24,1,100,28,50
2022-05-25,4,75,67,59.701499938964844
2022-05-26,0,0,37,64.86489868164062
2022-05-27,2,100,59,64.40679931640625
2022-05-28,1,100,136,69.85289764404297
2022-05-29,5,80,164,65.243896484375
2022-05-30,2,50,26,76.92310333251953
2022-06-01,0,0,17,47.058799743652344
2022-06-02,2,100,33,57.575801849365234
2022-06-03,2,50,34,55.88240051269531
2022-06-04,3,66.666702270508,75,70.66670227050781
2022-06-05,4,100,82,64.63410186767578
2022-06-06,1,100,36,58.33330154418945
2022-06-07,1,0,26,65.38459777832031
2022-06-08,3,100,27,59.259300231933594
2022-06-09,0,0,26,57.692298889160156
2022-06-10,2,100,30,83.33329772949219
2022-06-11,3,66.666702270508,76,71.05259704589844
2022-06-12,2,50,73,60.27399826049805
2022-06-13,1,100,17,52.941200256347656
2022-06-14,2,100,25,76
2022-06-15,1,0,28,71.42859649658203
2022-06-16,2,100,41,65.85369873046875
2022-06-17,2,100,34,58.82350158691406
2022-06-18,6,66.666702270508,108,68.51850128173828
2022-06-19,4,50,89,66.29209899902344
2022-06-20,2,50,25,84
2022-06-21,1,100,22,81.81819915771484
2022-06-22,3,33.333301544189,39,66.66670227050781
2022-06-24,4,25,26,65.38459777832031
2022-06-25,2,0,76,60.52629852294922
2022-06-26,2,50,123,56.097599029541016
2022-06-27,0,0,33,75.75759887695312
2022-06-28,0,0,13,69.23079681396484
2022-06-29,0,0,29,72.41380310058594
2022-06-30,0,0,17,41.17649841308594
2022-07-01,0,0,36,69.44439697265625
2022-07-02,1,0,110,62.727298736572266
2022-07-03,2,100,112,64.28569793701172
2022-07-04,1,100,35,68.57140350341797
2022-07-05,0,0,33,60.60609817504883
2022-07-06,0,0,45,51.11109924316406
2022-07-07,0,0,46,69.56520080566406
2022-07-08,1,100,30,60
2022-07-09,2,100,96,72.91670227050781
2022-07-10,1,0,116,69.82759857177734
2022-07-11,0,0,38,68.42109680175781
2022-07-12,1,100,32,62.5
2022-07-13,2,100,17,58.82350158691406
2022-07-14,4,75,48,60.41669845581055
2022-07-15,0,0,57,80.70179748535156
2022-07-16,1,0,151,67.54969787597656
2022-07-17,0,0,151,66.2251968383789
2022-07-18,0,0,27,59.259300231933594
2022-07-19,0,0,39,61.53850173950195
2022-07-20,1,100,31,67.74189758300781
2022-07-21,0,0,61,57.37699890136719
2022-07-22,0,0,59,72.88140106201172
2022-07-23,0,0,162,64.19750213623047
2022-07-24,4,100,176,72.72730255126953
2022-07-25,0,0,47,65.9573974609375
2022-07-26,0,0,41,70.73169708251953
2022-07-27,0,0,47,59.574501037597656
2022-07-28,8,62.5,64,68.75
2022-07-29,0,0,56,66.07140350341797
2022-07-30,4,50,260,68.46150207519531
2022-07-31,7,71.428596496582,215,65.5813980102539
2022-08-01,1,100,58,58.62070083618164
2022-08-02,1,0,38,60.52629852294922
2022-08-03,0,0,37,70.27030181884766
2022-08-04,8,62.5,66,62.12120056152344
2022-08-05,5,100,99,72.72730255126953
2022-08-06,8,87.5,350,60.5713996887207
2022-08-07,6,100,263,69.20149993896484
2022-08-09,3,66.666702270508,48,68.75
2022-08-10,1,100,66,57.575801849365234
2022-08-11,2,50,56,66.07140350341797
2022-08-12,5,100,111,65.76580047607422
2022-08-13,18,77.777801513672,400,65.25
2022-08-14,6,83.333297729492,290,67.58619689941406
2022-08-15,5,100,82,65.85369873046875
2022-08-16,2,100,102,73.52940368652344
2022-08-17,3,66.666702270508,68,70.58820343017578
2022-08-18,3,100,64,62.5
2022-08-19,3,66.666702270508,114,66.66670227050781
2022-08-20,11,54.545501708984,412,63.592201232910156
2022-08-21,11,81.818199157715,295,66.4406967163086
2022-08-22,7,42.85710144043,72,69.44439697265625
2022-08-23,3,66.666702270508,58,60.34479904174805
2022-08-24,2,50,52,63.46149826049805
2022-08-25,2,50,50,72
2022-08-26,3,66.666702270508,141,73.75890350341797
2022-08-27,22,54.545501708984,448,61.83039855957031
2022-08-28,5,60,302,68.21189880371094
2022-08-29,2,50,108,62.9630012512207
2022-08-30,5,40,74,63.51350021362305
2022-08-31,4,75,117,71.7948989868164
2022-09-01,2,50,61,62.295101165771484
2022-09-02,1,0,117,67.52140045166016
2022-09-03,10,60,437,66.59040069580078
2022-09-04,8,25,349,63.037200927734375
2022-09-05,0,0,97,65.97940063476562
2022-09-06,3,100,48,66.66670227050781
2022-09-07,1,0,50,58
2022-09-08,5,40,61,60.65570068359375
2022-09-09,5,80,124,70.96769714355469
2022-09-10,6,100,362,68.78450012207031
2022-09-11,5,80,346,64.45089721679688
2022-09-12,2,100,70,65.71430206298828
2022-09-13,4,75,128,76.5625
2022-09-14,4,100,117,72.64959716796875
2022-09-15,3,100,73,61.643798828125
2022-09-16,2,100,108,76.85189819335938
2022-09-17,6,16.666700363159,399,67.16790008544922
2022-09-18,10,70,380,73.15789794921875
2022-09-19,0,0,39,64.10260009765625
2022-09-20,3,100,32,59.375
2022-09-21,0,0,19,78.94740295410156
2022-09-22,2,0,26,76.92310333251953
2022-09-23,0,0,59,57.62710189819336
2022-09-24,7,57.14289855957,211,69.66819763183594
2022-09-25,1,0,138,67.39129638671875
2022-09-26,2,50,32,68.75
2022-09-27,1,100,37,67.56759643554688
2022-09-28,1,100,35,68.57140350341797
2022-09-29,0,0,29,75.86209869384766
2022-09-30,6,66.666702270508,127,76.37799835205078
2022-10-01,5,40,483,65.42440032958984
2022-10-02,4,75,332,66.56629943847656
2022-10-03,1,0,78,67.94869995117188
2022-10-04,1,100,84,61.90480041503906
2022-10-05,0,0,85,76.47059631347656
2022-10-06,4,100,65,69.23079681396484
2022-10-07,1,100,137,66.42340087890625
2022-10-08,4,75,418,68.6603012084961
2022-10-09,7,85.714302062988,369,67.75070190429688
2022-10-10,1,100,79,74.68350219726562
2022-10-11,1,0,57,64.91230010986328
2022-10-12,1,100,54,74.0740966796875
2022-10-13,2,50,64,65.625
2022-10-14,5,80,130,76.92310333251953
2022-10-15,6,66.666702270508,279,68.45880126953125
2022-10-16,12,91.666702270508,213,76.52580261230469
2022-10-17,3,33.333301544189,46,67.39129638671875
2022-10-18,1,100,29,65.51719665527344
2022-10-19,0,0,85,64.70590209960938
2022-10-20,0,0,45,77.77780151367188
2022-10-21,2,100,95,64.21050262451172
2022-10-22,10,100,403,68.98259735107422
2022-10-23,6,16.666700363159,332,68.97589874267578
2022-10-24,0,0,94,73.404296875
2022-10-25,1,0,95,71.57890319824219
2022-10-26,0,0,36,80.55560302734375
2022-10-27,1,100,51,72.54900360107422
2022-10-28,5,100,104,76.92310333251953
2022-10-29,14,64.285697937012,387,69.50900268554688
2022-10-30,17,82.352897644043,304,68.75
2022-10-31,3,33.333301544189,49,71.42859649658203
2022-11-01,0,0,56,69.64289855957031
2022-11-02,2,100,44,70.45449829101562
2022-11-03,8,50,60,71.66670227050781
2022-11-04,3,66.666702270508,102,72.54900360107422
2022-11-05,13,92.30770111084,357,68.62750244140625
2022-11-06,7,71.428596496582,279,73.47669982910156
2022-11-07,3,33.333301544189,41,75.60980224609375
2022-11-08,2,50,92,58.69559860229492
2022-11-09,2,50,81,77.77780151367188
2022-11-10,0,0,30,70
2022-11-11,0,0,69,75.36229705810547
2022-11-12,10,70,345,67.53620147705078
2022-11-13,11,90.909103393555,221,75.11309814453125
2022-11-14,0,0,30,63.33330154418945
2022-11-15,1,100,14,57.14289855957031
2022-11-17,0,0,11,72.72730255126953
2022-11-18,1,100,24,54.16669845581055
2022-11-19,4,50,164,64.02439880371094
2022-11-20,2,100,87,74.71260070800781
2022-11-21,0,0,18,83.33329772949219
2022-11-22,3,66.666702270508,22,68.18180084228516
2022-11-23,2,50,23,60.869598388671875
2022-11-25,2,50,25,60
2022-11-26,1,0,125,61.599998474121094
2022-11-27,1,100,73,65.75340270996094
2022-11-28,1,100,20,70
2022-11-29,0,0,24,70.83329772949219
2022-12-01,3,100,16,50
2022-12-02,1,100,40,67.5
2022-12-03,8,75,155,74.193603515625
2022-12-04,4,75,76,71.05259704589844
2022-12-05,1,100,14,71.42859649658203
2022-12-06,1,100,14,85.71430206298828
2022-12-07,1,0,30,66.66670227050781
2022-12-08,1,100,29,75.86209869384766
2022-12-09,0,0,20,65
2022-12-10,2,50,104,65.38459777832031
2022-12-11,3,100,89,67.41570281982422
2022-12-12,1,0,23,69.56520080566406
2022-12-13,0,0,13,38.46149826049805
2022-12-15,0,0,24,66.66670227050781
2022-12-16,1,100,36,77.77780151367188
2022-12-17,0,0,77,75.32469940185547
2022-12-18,7,71.428596496582,48,72.91670227050781
2022-12-19,1,100,28,60.714298248291016
2022-12-20,0,0,26,57.692298889160156
2022-12-21,0,0,26,80.76920318603516
2022-12-22,0,0,26,76.92310333251953
2022-12-23,2,100,43,69.76740264892578
2022-12-24,1,100,39,71.7948989868164
2022-12-25,2,50,19,73.68419647216797
2022-12-26,7,71.428596496582,127,74.01570129394531
2022-12-27,1,100,24,79.16670227050781
2022-12-29,3,33.333301544189,48,79.16670227050781
2022-12-30,3,66.666702270508,45,80
2023-01-01,3,0,59,61.01689910888672
2023-01-02,0,0,68,64.70590209960938
2023-01-03,2,100,28,78.57140350341797
2023-01-04,1,100,36,69.44439697265625
2023-01-05,1,100,19,68.42109680175781
2023-01-06,0,0,33,66.66670227050781
2023-01-07,6,83.333297729492,139,68.34529876708984
2023-01-08,7,57.14289855957,75,56
2023-01-09,0,0,17,70.58820343017578
2023-01-10,3,66.666702270508,28,75
2023-01-11,0,0,24,75
2023-01-12,0,0,16,81.25
2023-01-13,1,100,44,70.45449829101562
2023-01-14,8,87.5,203,65.51719665527344
2023-01-15,7,85.714302062988,119,70.58820343017578
2023-01-16,0,0,21,66.66670227050781
2023-01-18,1,100,31,74.193603515625
2023-01-19,0,0,30,70
2023-01-20,0,0,46,63.04349899291992
2023-01-21,10,80,184,75.54350280761719
2023-01-22,5,20,140,69.28569793701172
2023-01-23,1,0,39,69.23079681396484
2023-01-24,4,100,60,66.66670227050781
2023-01-25,2,50,61,67.21309661865234
2023-01-26,2,100,26,69.23079681396484
2023-01-27,4,50,60,70
2023-01-28,16,62.5,267,68.91390228271484
2023-01-29,12,75,217,72.3501968383789
2023-01-30,4,100,47,76.595703125
2023-02-01,5,60,64,65.625
2023-02-02,0,0,33,72.72730255126953
2023-02-03,2,0,73,63.01369857788086
2023-02-04,16,50,337,70.32640075683594
2023-02-05,16,93.75,205,67.31710052490234
2023-02-06,3,66.666702270508,42,57.14289855957031
2023-02-07,1,100,43,69.76740264892578
2023-02-08,0,0,62,56.45159912109375
2023-02-09,0,0,28,57.14289855957031
2023-02-10,0,0,82,67.07319641113281
2023-02-11,4,100,332,70.48190307617188
2023-02-12,6,66.666702270508,214,66.82240295410156
2023-02-22,0,0,27,62.9630012512207
2023-02-23,1,100,39,64.10260009765625
2023-02-24,1,100,94,68.08509826660156
2023-02-25,7,85.714302062988,387,62.53229904174805
2023-02-26,8,75,270,70
2023-02-27,2,0,53,75.4717025756836
2023-02-28,1,100,78,69.23079681396484
2023-03-01,1,100,38,78.94740295410156
2023-03-02,2,50,19,78.94740295410156
2023-03-03,5,20,98,58.163299560546875
2023-03-04,20,80,403,65.75679779052734
2023-03-05,13,69.230796813965,356,66.01119995117188
2023-03-06,2,100,68,63.23529815673828
2023-03-07,3,66.666702270508,83,77.1083984375
2023-03-08,2,100,44,68.18180084228516
2023-03-09,0,0,41,82.92680358886719
2023-03-10,2,50,101,56.43560028076172
2023-03-11,27,66.666702270508,361,66.75900268554688
2023-03-12,12,75,340,70.29409790039062
2023-03-13,4,50,60,65
2023-03-14,5,80,70,67.14289855957031
2023-03-15,7,85.714302062988,66,71.21209716796875
2023-03-16,5,80,26,65.38459777832031
2023-03-17,4,100,102,70.58820343017578
2023-03-18,16,81.25,419,69.45110321044922
2023-03-19,11,36.36360168457,320,63.4375
2023-03-20,0,0,33,66.66670227050781
2023-03-21,0,0,40,62.5
2023-03-22,0,0,13,84.61540222167969
2023-03-23,3,66.666702270508,15,66.66670227050781
2023-03-24,6,100,47,72.34040069580078
2023-03-25,9,66.666702270508,254,72.04720306396484
2023-03-26,7,42.85710144043,123,68.2927017211914
2023-03-27,4,75,35,77.14289855957031
2023-03-28,5,60,47,65.9573974609375
2023-03-29,1,100,43,58.13949966430664
2023-03-30,0,0,28,67.85710144042969
2023-04-01,12,66.666702270508,403,68.48639678955078
2023-04-02,13,69.230796813965,396,67.67680358886719
2023-04-03,3,66.666702270508,81,69.13580322265625
2023-04-04,1,100,61,77.04920196533203
2023-04-05,1,0,98,65.30609893798828
2023-04-06,4,75,140,65.71430206298828
2023-04-07,8,75,233,63.0900993347168
2023-04-08,21,80.95240020752,416,70.19229888916016
2023-04-09,10,90,280,65
2023-04-10,7,57.14289855957,235,65.53189849853516
2023-04-11,2,100,71,66.19719696044922
2023-04-12,1,0,95,57.89469909667969
2023-04-13,2,50,55,63.63639831542969
2023-04-14,6,50,146,57.53419876098633
2023-04-15,21,57.14289855957,525,66.66670227050781
2023-04-16,20,55,482,64.31539916992188
2023-04-17,4,75,78,71.7948989868164
2023-04-18,6,66.666702270508,108,73.14810180664062
2023-04-19,5,80,107,70.09349822998047
2023-04-20,4,75,41,68.2927017211914
2023-04-21,6,83.333297729492,139,69.7842025756836
2023-04-22,14,64.285697937012,496,63.50809860229492
2023-04-23,24,62.5,486,69.54730224609375
2023-04-24,6,83.333297729492,86,75.5813980102539
2023-04-25,4,75,84,67.85710144042969
2023-04-26,2,50,81,66.66670227050781
2023-04-27,0,0,39,84.61540222167969
2023-04-28,9,55.555599212646,121,66.1156997680664
2023-04-29,8,100,395,71.13919830322266
2023-04-30,11,90.909103393555,382,70.15709686279297
2023-05-01,2,100,83,72.28919982910156
2023-05-02,1,100,56,69.64289855957031
2023-05-03,8,75,128,71.09380340576172
2023-05-04,2,100,72,62.5
2023-05-05,5,100,131,73.28240203857422
2023-05-06,12,66.666702270508,307,65.14659881591797
2023-05-07,19,78.947402954102,387,64.08270263671875
2023-05-08,2,100,94,63.82979965209961
2023-05-09,4,75,46,71.73909759521484
2023-05-10,2,100,37,78.37840270996094
2023-05-11,1,100,27,66.66670227050781
2023-05-12,9,33.333301544189,164,58.536598205566406
2023-05-13,22,95.454544067383,385,70.64935302734375
2023-05-14,17,64.70588684082,292,67.123291015625
2023-05-15,7,57.142860412598,90,63.33333206176758
2023-05-16,3,33.333335876465,77,64.93506622314453
2023-05-17,1,100,77,66.2337646484375
2023-05-18,2,50,70,64.28571319580078
2023-05-19,10,80,181,64.64088439941406
2023-05-20,20,70,347,62.8242073059082
2023-05-21,21,61.904762268066,356,67.6966323852539
2023-05-22,1,100,76,72.36841583251953
2023-05-23,4,50,81,61.7283935546875
2023-05-24,3,66.66667175293,64,67.1875
2023-05-25,0,0,53,69.81131744384766
2023-05-26,2,50,121,76.85950469970703
2023-05-27,18,66.66667175293,309,71.84465789794922
2023-05-28,14,78.571426391602,293,61.43344497680664
2023-05-29,8,62.5,114,76.31578826904297
2023-05-30,4,75,37,70.27027130126953
2023-06-01,4,100,42,61.904762268066406
2023-06-02,7,57.142860412598,84,67.85713958740234
2023-06-03,4,50,221,70.13574981689453
2023-06-04,10,80,255,67.8431396484375
2023-06-05,5,60.000003814697,53,60.377357482910156
2023-06-06,2,100,52,73.07691955566406
2023-06-07,1,100,54,81.48148345947266
2023-06-08,2,100,43,67.44186401367188
2023-06-09,7,57.142860412598,66,69.69696807861328
2023-06-10,5,60.000003814697,124,73.38710021972656
2023-06-11,6,66.66667175293,173,72.83236694335938
2023-06-12,2,100,21,57.142860412597656
2023-06-13,1,100,18,61.11111068725586
2023-06-14,0,0,15,53.333335876464844
2023-06-15,0,0,15,73.33333587646484
2023-06-16,0,0,25,80
2023-06-17,0,0,108,64.81481170654297
2023-06-18,2,50,87,72.41378784179688
2023-06-19,1,100,37,70.27027130126953
2023-06-20,0,0,24,62.5
2023-06-22,0,0,42,76.19047546386719
2023-06-23,4,100,49,63.26530456542969
2023-06-24,1,0,114,70.1754379272461
2023-06-25,4,75,125,70.4000015258789
2023-06-26,1,0,21,76.19047546386719
2023-06-27,1,0,17,70.5882339477539
2023-06-28,4,0,46,54.34782409667969
2023-06-29,2,100,23,78.26087188720703
2023-06-30,2,100,32,68.75
2023-07-01,9,77.777778625488,120,69.16666412353516
2023-07-02,6,66.66667175293,148,62.83783721923828
2023-07-03,1,0,32,68.75
2023-07-04,0,0,25,76
2023-07-05,0,0,30,63.33333206176758
2023-07-06,3,100,17,76.47058868408203
2023-07-07,2,50,55,61.81818389892578
2023-07-08,3,100,131,73.2824478149414
2023-07-09,5,60.000003814697,127,64.56692504882812
2023-07-10,2,50,38,63.15789031982422
2023-07-11,2,50,23,52.173912048339844
2023-07-12,1,0,34,73.52941131591797
2023-07-13,2,50,46,58.695648193359375
2023-07-14,0,0,39,58.974361419677734
2023-07-15,10,70,127,66.14173126220703
2023-07-16,5,80,142,69.71830749511719
2023-07-17,2,0,33,60.60606384277344
2023-07-18,1,100,32,65.625
2023-07-19,0,0,21,76.19047546386719
2023-07-20,3,100,34,64.70588684082031
2023-07-21,0,0,51,76.47058868408203
2023-07-22,3,66.66667175293,155,62.58064651489258
2023-07-23,8,87.5,168,66.66667175292969
2023-07-24,1,0,34,64.70588684082031
2023-07-25,1,100,29,68.96551513671875
2023-07-26,1,100,22,59.09090805053711
2023-07-27,6,66.66667175293,58,74.13793182373047
2023-07-28,0,0,83,61.44578552246094
2023-07-29,1,0,210,67.61904907226562
2023-07-30,5,100,202,73.26732635498047
2023-07-31,4,100,44,75
2023-08-01,3,66.66667175293,22,68.18181610107422
2023-08-02,4,25,46,63.043479919433594
2023-08-03,12,66.66667175293,67,74.62686157226562
2023-08-04,3,100,86,70.93022918701172
2023-08-05,6,83.33332824707,305,63.93442916870117
2023-08-06,15,73.333335876465,243,67.90123748779297
2023-08-07,3,66.66667175293,56,66.07142639160156
2023-08-08,5,80,57,52.6315803527832
2023-08-09,5,100,39,74.35897827148438
2023-08-10,9,88.888893127441,46,67.39130401611328
2023-08-11,1,100,97,61.85566711425781
2023-08-12,6,83.33332824707,345,62.89855194091797
2023-08-13,10,90,268,70.14925384521484
2023-08-14,2,100,54,72.22222137451172
2023-08-15,4,100,110,68.18181610107422
2023-08-16,0,0,51,76.47058868408203
2023-08-17,6,100,51,72.54901885986328
2023-08-18,1,0,124,66.12903594970703
2023-08-19,4,0,393,69.72010040283203
2023-08-20,8,62.5,265,65.6603775024414
2023-08-21,2,100,80,66.25
2023-08-22,0,0,37,83.78378295898438
2023-08-23,0,0,48,75
2023-08-25,2,100,130,67.69230651855469
2023-08-26,3,33.333335876465,395,67.84810638427734
2023-08-27,10,30.000001907349,309,62.45954513549805
2023-08-28,2,50,111,68.46846771240234
2023-08-29,1,0,48,66.66667175292969
2023-08-30,2,100,38,65.78947448730469
2023-08-31,7,85.714286804199,68,70.5882339477539
2023-09-01,2,0,97,59.7938117980957
2023-09-02,10,70,362,68.78453063964844
2023-09-03,7,71.428573608398,294,70.74829864501953
2023-09-04,0,0,41,73.17073059082031
2023-09-05,0,0,31,58.06451416015625
2023-09-06,0,0,19,89.47368621826172
2023-09-07,1,100,17,47.05882263183594
2023-09-08,6,66.66667175293,40,57.5
2023-09-09,7,57.142860412598,162,71.60493469238281
2023-09-10,2,100,100,69
2023-09-11,1,100,20,55
2023-09-12,2,100,16,56.25
2023-09-13,1,100,18,61.11111068725586
2023-09-14,1,0,25,68
2023-09-15,6,83.33332824707,123,69.918701171875
2023-09-16,20,60.000003814697,361,67.59002685546875
2023-09-17,10,70,252,65.47618865966797
2023-09-18,2,50,56,64.28571319580078
2023-09-19,6,100,60,73.33333587646484
2023-09-20,4,75,60,70
2023-09-21,12,75,85,68.23529815673828
2023-09-22,6,66.66667175293,142,70.42253875732422
2023-09-23,14,78.571426391602,403,64.76426696777344
2023-09-24,13,92.307693481445,273,71.06227111816406
2023-09-25,4,50,55,67.2727279663086
2023-09-26,2,50,50,74
2023-09-27,11,54.545455932617,83,65.06024169921875
2023-09-28,2,100,57,66.66667175292969
2023-09-29,7,42.8571434021,117,63.24786376953125
2023-09-30,18,61.111110687256,394,64.97461700439453
2023-10-02,2,100,66,66.66667175292969
2023-10-03,3,66.66667175293,77,61.03895950317383
2023-10-04,4,100,49,71.42857360839844
2023-10-05,13,61.538463592529,75,64
2023-10-06,4,75,123,69.918701171875
2023-10-07,12,83.33332824707,420,64.04761505126953
2023-10-08,20,65,306,63.72549057006836
2023-10-09,2,0,51,76.47058868408203
2023-10-10,0,0,17,52.94117736816406
2023-10-11,0,0,14,71.42857360839844
2023-10-12,4,100,19,52.6315803527832
2023-10-13,2,100,40,62.5
2023-10-14,2,100,188,65.42552947998047
2023-10-15,8,62.5,109,67.88990783691406
2023-10-16,1,100,35,71.42857360839844
2023-10-17,2,50,20,50
2023-10-18,2,100,52,80.76922607421875
2023-10-19,1,100,33,57.57575607299805
2023-10-20,3,100,127,65.35433197021484
2023-10-21,22,72.727272033691,443,67.04288482666016
2023-10-22,13,92.307693481445,343,69.9708480834961
2023-10-23,1,100,60,53.333335876464844
2023-10-24,4,75,121,68.59503936767578
2023-10-25,4,75,50,70
2023-10-26,6,66.66667175293,67,71.64179229736328
2023-10-27,2,100,139,73.38129425048828
2023-10-28,19,68.421051025391,486,72.0164566040039
2023-10-29,26,76.923080444336,326,66.87117004394531
2023-10-30,5,100,55,80
2023-10-31,0,0,34,70.5882339477539
2023-11-01,4,100,51,72.54901885986328
2023-11-02,2,100,37,72.97296905517578
2023-11-03,3,33.333335876465,117,67.52136993408203
2023-11-04,14,92.857139587402,407,63.88206481933594
2023-11-05,16,43.75,332,69.27710723876953
2023-11-06,1,100,68,79.4117660522461
2023-11-07,1,100,59,64.40678405761719
2023-11-08,1,100,66,71.21212005615234
2023-11-09,5,80,83,73.49397277832031
2023-11-10,2,100,114,57.017539978027344
2023-11-11,11,90.90909576416,454,62.55506896972656
2023-11-12,15,60.000003814697,327,69.11314392089844
2023-11-13,0,0,33,57.57575607299805
2023-11-14,0,0,36,69.44444274902344
2023-11-15,0,0,23,60.869564056396484
2023-11-16,3,66.66667175293,19,68.42105102539062
2023-11-17,4,75,49,67.34693908691406
2023-11-18,3,66.66667175293,161,70.18633270263672
2023-11-19,2,100,94,67.02127075195312
2023-11-20,2,50,25,68
2023-11-21,2,50,60,68.33333587646484
2023-11-22,0,0,19,68.42105102539062
2023-11-23,0,0,48,72.91667175292969
2023-11-24,4,75,113,67.25663757324219
2023-11-25,24,75,398,68.34170532226562
2023-11-26,10,80,286,68.88111877441406
2023-11-27,2,100,50,70
2023-11-28,2,100,86,61.627906799316406
2023-11-29,2,50,64,67.1875
2023-11-30,6,83.33332824707,62,72.58065032958984
2023-12-02,9,66.66667175293,299,72.90969848632812
2023-12-03,17,88.235298156738,281,66.54804229736328
2023-12-04,2,100,49,71.42857360839844
2023-12-05,1,100,48,75
2023-12-06,6,83.33332824707,60,75
2023-12-07,4,100,47,72.34042358398438
2023-12-08,7,42.8571434021,112,66.96428680419922
2023-12-09,13,61.538463592529,258,71.7054214477539
2023-12-10,11,63.636363983154,219,63.92694091796875
2023-12-11,2,100,43,79.06977081298828
2023-12-12,1,0,38,68.42105102539062
2023-12-13,5,80,47,61.702125549316406
2023-12-14,4,100,51,66.66667175292969
2023-12-15,6,100,87,67.81609344482422
2023-12-16,20,55,311,65.9164047241211
2023-12-17,12,66.66667175293,170,68.23529815673828
2023-12-18,7,42.8571434021,34,58.82353210449219
2023-12-19,3,66.66667175293,67,71.64179229736328
2023-12-20,4,75,90,70
2023-12-21,5,80,50,62
2023-12-22,8,75,71,76.05633544921875
2023-12-23,11,81.818183898926,164,69.51219177246094
2023-12-24,2,100,54,77.77777862548828
2023-12-25,0,0,16,62.5
2023-12-26,9,66.66667175293,149,70.46979522705078
2023-12-27,2,100,34,70.5882339477539
2023-12-28,1,0,21,47.619049072265625
2023-12-29,3,66.66667175293,71,63.38028335571289
2023-12-30,7,85.714286804199,123,68.29268646240234
2023-12-31,1,100,22,72.7272720336914
2024-01-01,3,66.66667175293,84,71.42857360839844
2024-01-02,3,100,29,65.51724243164062
2024-01-03,6,66.66667175293,44,54.54545593261719
2024-01-04,0,0,18,61.11111068725586
2024-01-05,1,0,34,61.764705657958984
2024-01-06,6,66.66667175293,145,64.82758331298828
2024-01-07,5,80,102,71.5686264038086
2024-01-08,2,50,19,52.6315803527832
2024-01-09,2,50,28,78.57142639160156
2024-01-10,1,100,21,61.904762268066406
2024-01-12,1,0,55,65.45454406738281
2024-01-13,10,90,236,66.52542114257812
2024-01-14,9,88.888893127441,130,66.9230728149414
2024-01-15,3,100,25,80
2024-01-16,2,100,32,56.25
2024-01-17,0,0,34,82.35294342041016
2024-01-18,2,100,18,66.66667175292969
2024-01-19,4,25,47,63.82978439331055
2024-01-20,9,44.444446563721,230,69.13043212890625
2024-01-21,11,72.727272033691,191,65.44502258300781
2024-01-22,0,0,38,71.05262756347656
2024-01-23,0,0,78,69.23077392578125
2024-01-24,3,100,69,68.1159439086914
2024-01-25,3,33.333335876465,25,60.000003814697266
2024-01-26,3,66.66667175293,56,60.71428680419922
2024-01-27,21,66.66667175293,304,68.42105102539062
2024-01-28,8,100,226,69.02655029296875
2024-01-29,3,66.66667175293,39,66.66667175292969
2024-01-30,4,100,57,75.4385986328125
2024-01-31,6,100,78,57.69230651855469
2024-02-01,1,100,45,73.33333587646484
2024-02-02,2,100,88,67.04545593261719
2024-02-03,11,81.818183898926,335,67.46269226074219
2024-02-04,4,75,242,70.24794006347656
2024-02-05,2,100,52,67.30769348144531
2024-02-06,3,33.333335876465,60,68.33333587646484
2024-02-07,4,100,73,64.38356018066406
2024-02-08,0,0,37,70.27027130126953
2024-02-09,4,75,77,63.6363639831543
2024-02-10,10,80,340,64.11764526367188
2024-02-11,7,85.714286804199,269,69.51673126220703
2024-02-12,1,100,46,65.21739196777344
2024-02-13,5,100,91,72.52747344970703
2024-02-14,5,80,75,73.33333587646484
2024-02-15,5,60.000003814697,63,46.03174591064453
2024-02-16,2,100,124,67.74193572998047
2024-02-17,13,84.615386962891,418,63.15789031982422
2024-02-18,13,84.615386962891,336,67.85713958740234
2024-02-19,2,50,58,63.79310607910156
2024-02-20,1,0,87,60.91954040527344
2024-02-21,1,0,60,65
2024-02-22,3,66.66667175293,61,62.29507827758789
2024-02-23,3,66.66667175293,137,67.88320922851562
2024-02-24,16,75,466,68.88412475585938
2024-02-25,25,64,360,64.72222137451172
2024-02-26,5,60.000003814697,68,67.64705657958984
2024-02-27,1,100,106,66.98113250732422
2024-02-28,6,83.33332824707,78,70.5128173828125
2024-02-29,1,0,37,78.37837982177734
2024-03-01,3,100,140,72.14286041259766
2024-03-02,19,52.631580352783,535,65.42056274414062
2024-03-03,10,70,379,64.37995147705078
2024-03-04,3,66.66667175293,93,62.36559295654297
2024-03-05,2,50,86,69.76744079589844
2024-03-06,2,0,83,75.90361022949219
2024-03-07,5,40,44,68.18181610107422
2024-03-08,6,100,182,74.17581939697266
2024-03-09,13,61.538463592529,539,65.12059783935547
2024-03-10,13,76.923080444336,399,66.16541290283203
2024-03-11,1,100,74,70.27027130126953
2024-03-12,3,100,86,69.76744079589844
2024-03-13,0,0,76,71.05262756347656
2024-03-14,3,66.66667175293,53,67.92453002929688
2024-03-15,2,100,156,64.74359130859375
2024-03-16,14,71.428573608398,532,66.35337829589844
2024-03-17,16,81.25,368,66.57608795166016
2024-03-18,1,0,38,68.42105102539062
2024-03-19,0,0,36,86.1111068725586
2024-03-20,1,100,41,70.73170471191406
2024-03-21,3,100,31,67.74193572998047
2024-03-22,0,0,43,69.76744079589844
2024-03-23,4,75,285,64.21052551269531
2024-03-24,4,50,172,63.953487396240234
2024-03-25,2,100,33,69.69696807861328
2024-03-26,2,50,43,69.76744079589844
2024-03-27,1,100,52,76.92308044433594
2024-03-28,0,0,66,60.60606384277344
2024-03-29,10,60.000003814697,207,70.5313949584961
2024-03-30,14,85.714286804199,430,65.81394958496094
2024-03-31,9,77.777778625488,240,65
2024-04-01,4,100,222,69.81981658935547
2024-04-02,6,83.33332824707,71,81.69013977050781
2024-04-03,6,66.66667175293,129,70.54263305664062
2024-04-04,5,80,65,72.30769348144531
2024-04-05,8,87.5,152,71.71052551269531
2024-04-06,10,70,482,66.80497741699219
2024-04-07,14,78.571426391602,433,69.05311584472656
2024-04-08,1,0,77,63.6363639831543
2024-04-09,2,0,74,66.21621704101562
2024-04-10,2,100,67,67.16417694091797
2024-04-11,1,0,40,60.000003814697266
2024-04-12,4,50,129,62.0155029296875
2024-04-13,22,72.727272033691,489,67.0756607055664
2024-04-14,9,77.777778625488,390,66.4102554321289
2024-04-15,6,100,97,69.0721664428711
2024-04-16,3,33.333335876465,85,65.88235473632812
2024-04-17,3,100,84,59.523807525634766
2024-04-18,3,100,63,73.01587677001953
2024-04-19,9,55.555557250977,164,65.243896484375
2024-04-20,13,100,498,69.6787109375
2024-04-21,12,91.66667175293,393,67.17557525634766
2024-04-22,1,100,73,64.38356018066406
2024-04-23,2,50,74,71.62162017822266
2024-04-24,3,66.66667175293,84,70.23809814453125
2024-04-25,0,0,48,68.75
2024-04-26,2,100,147,61.904762268066406
2024-04-27,12,83.33332824707,410,70.48780059814453
2024-04-28,10,100,425,66.5882339477539
2024-04-29,6,33.333335876465,84,60.71428680419922
2024-04-30,0,0,42,71.42857360839844
2024-05-01,2,50,87,71.26436614990234
2024-05-02,3,66.66667175293,50,64
2024-05-03,4,75,189,72.48677062988281
2024-05-04,12,91.66667175293,410,66.82926940917969
2024-05-05,14,71.428573608398,321,65.73208618164062
2024-05-06,4,100,106,66.03773498535156
2024-05-07,2,100,46,52.173912048339844
2024-05-08,3,66.66667175293,66,66.66667175292969
2024-05-09,1,100,60,71.66666412353516
2024-05-10,6,83.33332824707,155,60.000003814697266
2024-05-11,11,63.636363983154,369,68.56369018554688
2024-05-12,11,72.727272033691,383,64.2297592163086
2024-05-13,4,100,76,65.78947448730469
2024-05-14,2,50,50,64
2024-05-15,2,100,91,74.72527313232422
2024-05-16,5,60.000003814697,94,78.72340393066406
2024-05-17,3,0,136,69.11764526367188
2024-05-18,7,100,323,65.0154800415039
2024-05-19,12,58.333332061768,341,62.75659942626953
2024-05-20,5,40,95,67.36842346191406
2024-05-21,4,50,76,69.73684692382812
2024-05-22,1,0,53,69.81131744384766
2024-05-23,0,0,46,67.39130401611328
2024-05-24,4,50,92,67.39130401611328
2024-05-25,6,66.66667175293,291,64.94844818115234
2024-05-26,9,88.888893127441,299,65.55184173583984
2024-05-27,0,0,64,71.875
2024-05-28,3,100,55,60.000003814697266
2024-05-29,0,0,30,76.66666412353516
2024-05-30,2,0,42,69.04761505126953
2024-05-31,2,100,69,52.173912048339844
2024-06-01,4,100,168,69.64286041259766
2024-06-02,10,70,210,69.52381134033203
2024-06-03,1,100,36,72.22222137451172
2024-06-04,2,50,15,60.000003814697266
2024-06-05,1,0,25,68
2024-06-06,3,33.333335876465,28,60.71428680419922
2024-06-07,2,100,39,61.5384635925293
2024-06-08,4,25,104,67.30769348144531
2024-06-09,11,72.727272033691,115,66.9565200805664
2024-06-10,0,0,19,73.68421173095703
2024-06-11,1,100,41,80.48780822753906
2024-06-12,0,0,40,62.5
2024-06-13,0,0,41,70.73170471191406
2024-06-14,3,100,48,72.91667175292969
2024-06-15,5,80,136,75.73529815673828
2024-06-16,7,57.142860412598,152,68.42105102539062
2024-06-17,1,0,15,60.000003814697266
2024-06-18,3,100,28,64.28571319580078
2024-06-19,5,60.000003814697,59,62.71186447143555
2024-06-20,3,0,51,64.70588684082031
2024-06-21,0,0,32,75
2024-06-22,5,80,115,68.6956558227539
2024-06-23,11,81.818183898926,130,66.9230728149414
2024-06-24,2,100,23,65.21739196777344
2024-06-25,2,50,32,59.375
2024-06-26,3,66.66667175293,61,67.2131118774414
2024-06-27,0,0,36,72.22222137451172
2024-06-28,6,66.66667175293,49,65.30612182617188
2024-06-29,5,100,119,64.70588684082031
2024-06-30,7,71.428573608398,131,67.93892669677734
2024-07-01,2,100,25,68
2024-07-02,1,100,19,73.68421173095703
2024-07-03,1,100,43,55.81395721435547
2024-07-04,0,0,53,69.81131744384766
2024-07-05,1,100,39,71.79487609863281
2024-07-06,8,62.5,111,65.7657699584961
2024-07-07,10,70,133,67.66917419433594
2024-07-08,3,66.66667175293,29,68.96551513671875
2024-07-09,1,100,29,65.51724243164062
2024-07-10,2,100,32,71.875
2024-07-11,1,0,45,62.222225189208984
2024-07-12,2,0,43,60.46511459350586
2024-07-13,3,66.66667175293,133,66.16541290283203
2024-07-14,11,54.545455932617,148,60.81081008911133
2024-07-15,2,50,16,62.5
2024-07-16,1,100,21,71.42857360839844
2024-07-17,2,100,29,82.75862121582031
2024-07-18,2,50,67,64.17910766601562
2024-07-19,5,100,61,75.40983581542969
2024-07-20,7,57.142860412598,183,63.93442916870117
2024-07-21,5,80,201,69.15422821044922
2024-07-22,3,100,39,66.66667175292969
2024-07-23,3,100,38,65.78947448730469
2024-07-24,2,100,36,72.22222137451172
2024-07-25,4,50,76,72.36841583251953
2024-07-26,4,100,95,71.57894897460938
2024-07-27,7,57.142860412598,204,73.03921508789062
2024-07-28,8,62.5,188,67.55319213867188
2024-07-29,2,100,36,69.44444274902344
2024-07-30,1,0,34,82.35294342041016
2024-07-31,1,100,54,70.37036895751953
2024-08-01,2,50,66,72.7272720336914
2024-08-02,3,66.66667175293,95,71.57894897460938
2024-08-03,5,60.000003814697,239,66.1087875366211
2024-08-04,4,100,255,69.01960754394531
2024-08-05,5,80,45,73.33333587646484
2024-08-06,3,66.66667175293,42,69.04761505126953
2024-08-07,0,0,33,72.7272720336914
2024-08-08,3,66.66667175293,57,59.64912033081055
2024-08-09,2,100,149,69.12751770019531
2024-08-10,10,40,353,66.57223510742188
2024-08-11,6,66.66667175293,314,65.92356872558594
2024-08-12,3,66.66667175293,67,64.17910766601562
2024-08-13,1,100,60,71.66666412353516
2024-08-14,0,0,24,62.5
2024-08-15,2,100,56,64.28571319580078
2024-08-16,4,75,131,64.885498046875
2024-08-17,2,50,383,67.88511657714844
2024-08-18,6,50,312,66.66667175292969
2024-08-19,0,0,63,69.84127044677734
2024-08-20,1,100,84,69.04761505126953
2024-08-21,1,100,65,61.5384635925293
2024-08-22,3,100,69,68.1159439086914
2024-08-23,2,50,161,72.67080688476562
2024-08-24,9,66.66667175293,451,62.97117614746094
2024-08-25,8,62.5,395,66.58228302001953
2024-08-26,2,100,151,73.50993347167969
2024-08-27,3,0,51,70.5882339477539
2024-08-28,2,50,42,64.28571319580078
2024-08-29,1,100,67,61.19403076171875
2024-08-30,3,100,154,70.12986755371094
2024-08-31,7,71.428573608398,407,71.00736999511719
2024-09-01,6,66.66667175293,408,66.9117660522461
2024-09-02,0,0,57,59.64912033081055
2024-09-03,0,0,46,71.73912811279297
2024-09-04,0,0,17,64.70588684082031
2024-09-05,5,40,33,63.6363639831543
2024-09-06,3,66.66667175293,52,67.30769348144531
2024-09-07,6,83.33332824707,264,65.1515121459961
2024-09-08,9,77.777778625488,196,69.38775634765625
2024-09-09,0,0,33,90.90909576416016
2024-09-10,3,66.66667175293,62,77.41934967041016
2024-09-11,0,0,48,70.83332824707031
2024-09-12,2,50,35,68.5714340209961
2024-09-13,6,66.66667175293,143,66.43356323242188
2024-09-14,10,50,442,65.6108627319336
2024-09-15,11,45.45454788208,394,63.451778411865234
2024-09-16,6,66.66667175293,100,68
2024-09-17,6,83.33332824707,62,77.41934967041016
2024-09-18,1,100,87,62.06896209716797
2024-09-19,1,100,78,65.38461303710938
2024-09-20,2,100,166,62.650604248046875
2024-09-21,11,45.45454788208,470,63.40425491333008
2024-09-22,11,90.90909576416,402,69.90049743652344
2024-09-23,3,100,98,68.36734771728516
2024-09-24,3,100,93,77.41934967041016
2024-09-25,6,50,95,66.31578826904297
2024-09-26,2,50,62,69.3548355102539
2024-09-27,6,83.33332824707,185,61.62162399291992
2024-09-28,25,68,501,67.06587219238281
2024-09-29,23,69.565216064453,394,70.3045654296875
2024-09-30,3,100,82,57.317073822021484
2024-10-01,4,50,67,62.68656921386719
2024-10-02,5,40,59,54.23728942871094
2024-10-03,7,71.428573608398,79,63.2911376953125
2024-10-04,4,100,122,72.13114166259766
2024-10-05,10,70,454,64.09691619873047
2024-10-06,14,57.142860412598,374,70.5882339477539
2024-10-07,0,0,39,76.92308044433594
2024-10-08,0,0,26,50
2024-10-09,1,100,18,66.66667175292969
2024-10-10,3,100,32,62.5
2024-10-11,4,75,72,56.94444274902344
2024-10-12,4,75,200,65
2024-10-13,3,100,151,70.19866943359375
2024-10-14,5,60.000003814697,37,62.16216278076172
2024-10-15,3,66.66667175293,34,58.82353210449219
2024-10-16,1,100,34,64.70588684082031
2024-10-17,1,100,33,69.69696807861328
2024-10-18,5,60.000003814697,171,74.26901245117188
2024-10-19,15,73.333335876465,513,68.22611999511719
2024-10-20,13,69.230773925781,324,62.65432357788086
2024-10-21,3,100,76,64.47368621826172
2024-10-22,2,100,129,64.3410873413086
2024-10-23,6,50,101,70.29703521728516
2024-10-24,5,60.000003814697,72,75
2024-10-25,8,62.5,160,70.625
2024-10-26,14,78.571426391602,498,67.67068481445312
2024-10-27,13,76.923080444336,358,64.52513885498047
2024-10-28,5,80,74,63.513511657714844
2024-10-29,1,0,84,72.6190414428711
2024-10-30,2,100,72,69.44444274902344
2024-10-31,1,0,32,81.25
2024-11-01,3,66.66667175293,147,69.38775634765625
2024-11-02,17,82.35294342041,471,67.72824096679688
2024-11-03,19,68.421051025391,364,69.78022003173828
2024-11-04,3,66.66667175293,78,75.64102172851562
2024-11-05,1,0,62,62.90322494506836
2024-11-06,4,50,57,68.42105102539062
2024-11-07,8,87.5,73,67.123291015625
2024-11-08,7,71.428573608398,155,62.58064651489258
2024-11-09,14,85.714286804199,504,68.45238494873047
2024-11-10,22,72.727272033691,357,68.06723022460938
2024-11-11,1,100,40,77.5
2024-11-12,0,0,29,62.06896209716797
2024-11-13,2,50,14,64.28571319580078
2024-11-14,4,75,31,67.74193572998047
2024-11-15,4,100,61,63.93442916870117
2024-11-16,7,71.428573608398,201,65.17412567138672
2024-11-17,7,57.142860412598,95,56.842105865478516
2024-11-18,3,66.66667175293,27,66.66667175292969
2024-11-19,4,50,48,54.16666793823242
2024-11-20,3,33.333335876465,51,64.70588684082031
2024-11-21,3,100,31,70.96774291992188
2024-11-22,8,62.5,114,64.03508758544922
2024-11-23,22,68.181816101074,370,63.513511657714844
2024-11-24,9,77.777778625488,265,64.9056625366211
2024-11-25,3,100,58,75.86206817626953
2024-11-26,7,85.714286804199,99,61.61616516113281
2024-11-27,5,80,73,57.53424835205078
2024-11-28,6,83.33332824707,61,67.2131118774414
2024-11-29,3,66.66667175293,105,61.904762268066406
2024-11-30,16,75,375,64.26666259765625
2024-12-01,9,66.66667175293,273,63.73626708984375
2024-12-02,2,100,50,62
2024-12-03,1,100,64,70.3125
2024-12-04,3,100,69,69.56521606445312
2024-12-05,4,50,35,68.5714340209961
2024-12-06,4,75,92,66.30435180664062
2024-12-07,18,66.66667175293,296,71.28378295898438
2024-12-08,13,76.923080444336,245,70.61224365234375
2024-12-09,1,100,61,67.2131118774414
2024-12-10,4,75,51,60.78431701660156
2024-12-11,4,100,42,71.42857360839844
2024-12-12,6,83.33332824707,48,66.66667175292969
2024-12-13,1,100,86,61.627906799316406
2024-12-14,12,58.333332061768,319,65.20376586914062
2024-12-15,15,60.000003814697,184,68.47826385498047
2024-12-16,3,66.66667175293,32,68.75
2024-12-17,2,100,45,71.11111450195312
2024-12-18,2,100,23,65.21739196777344
2024-12-19,3,33.333335876465,45,57.77777862548828
2024-12-20,2,100,77,67.532470703125
2024-12-21,10,70,236,70.33898162841797
2024-12-22,8,75,142,70.42253875732422
2024-12-23,3,66.66667175293,30,73.33333587646484
2024-12-26,5,60.000003814697,158,64.55696105957031
2024-12-27,1,0,22,68.18181610107422
2024-12-28,3,66.66667175293,63,69.84127044677734
2024-12-29,4,75,107,68.22429656982422
2024-12-30,2,0,24,50
2024-12-31,0,0,12,75
2025-01-01,1,100,91,64.83516693115234
2025-01-02,1,100,15,73.33333587646484
2025-01-03,1,100,29,62.06896209716797
2025-01-04,6,100,143,65.03496551513672
2025-01-05,6,66.66667175293,84,63.095237731933594
2025-01-06,1,100,29,79.31034851074219
2025-01-07,1,100,23,60.869564056396484
2025-01-08,0,0,23,47.826087951660156
2025-01-09,1,0,11,63.6363639831543
2025-01-10,2,50,65,70.76923370361328
2025-01-11,8,62.5,191,71.20419311523438
2025-01-12,11,54.545455932617,143,63.6363639831543
2025-01-13,3,66.66667175293,26,61.5384635925293
2025-01-14,2,50,42,76.19047546386719
2025-01-15,4,75,58,74.13793182373047
2025-01-16,2,100,28,71.42857360839844
2025-01-17,3,33.333335876465,87,55.17241287231445
2025-01-18,10,70,295,66.10169219970703
2025-01-19,8,87.5,214,66.35514068603516
2025-01-20,2,50,46,63.043479919433594
2025-01-21,3,100,70,70
2025-01-22,6,33.333335876465,81,65.43209838867188
2025-01-23,4,25,58,50
2025-01-24,2,50,96,71.875
2025-01-25,13,53.846157073975,345,64.92753601074219
2025-01-26,8,75,246,63.00812911987305
2025-01-27,0,0,48,70.83332824707031
2025-01-28,0,0,79,68.35443115234375
2025-01-29,7,100,117,66.66667175292969
2025-01-30,5,100,79,74.68354797363281
2025-01-31,2,100,114,70.1754379272461
2025-02-01,13,61.538463592529,381,66.14173126220703
2025-02-02,10,80,246,67.88617706298828
2025-02-03,3,33.333335876465,55,69.09091186523438
2025-02-04,1,100,71,63.38028335571289
2025-02-05,4,100,70,75.71428680419922
2025-02-06,2,100,48,62.5
2025-02-07,7,85.714286804199,115,64.34782409667969
2025-02-08,11,63.636363983154,397,67.75818634033203
2025-02-09,7,42.8571434021,282,68.0851058959961
2025-02-10,0,0,62,61.29032516479492
2025-02-11,6,66.66667175293,108,67.59259033203125
2025-02-12,4,50,93,62.36559295654297
2025-02-13,3,100,82,59.756099700927734
2025-02-14,2,0,125,60.79999923706055
2025-02-15,16,68.75,448,65.84821319580078
2025-02-16,7,71.428573608398,320,68.125
2025-02-17,3,66.66667175293,68,63.235294342041016
2025-02-18,4,25,78,60.25640869140625
2025-02-19,1,100,89,66.2921371459961
2025-02-20,0,0,48,68.75
2025-02-21,3,66.66667175293,151,68.87417602539062
2025-02-22,17,41.176471710205,463,64.5788345336914
2025-02-23,17,70.588233947754,315,63.4920654296875
2025-02-24,2,100,56,60.71428680419922
2025-02-25,2,100,69,71.01449584960938
2025-02-26,8,87.5,81,61.7283935546875
2025-02-27,6,50,67,71.64179229736328
2025-02-28,10,60.000003814697,167,64.07186126708984
2025-03-01,14,50,462,64.50215911865234
2025-03-02,6,50,346,67.3410415649414
2025-03-03,2,50,78,67.94871520996094
2025-03-04,1,0,88,71.59090423583984
2025-03-05,1,100,74,66.21621704101562
2025-03-06,4,100,63,73.01587677001953
2025-03-07,3,0,163,69.32515716552734
2025-03-08,7,57.142860412598,451,70.06652069091797
2025-03-09,4,25,383,66.31853485107422
2025-03-10,1,100,76,76.31578826904297
2025-03-11,1,100,106,67.92453002929688
2025-03-12,2,100,55,54.54545593261719
2025-03-13,1,100,51,64.70588684082031
2025-03-14,2,100,139,64.74820709228516
2025-03-15,9,77.777778625488,470,66.59574890136719
2025-03-16,11,90.90909576416,371,71.96765899658203
2025-03-17,0,0,38,60.52631759643555
2025-03-18,0,0,34,52.94117736816406
2025-03-19,0,0,17,70.5882339477539
2025-03-20,5,60.000003814697,36,72.22222137451172
2025-03-21,1,100,62,72.58065032958984
2025-03-22,5,60.000003814697,248,64.51612854003906
2025-03-23,2,100,136,65.44117736816406
2025-03-24,5,80,26,88.46153259277344
2025-03-25,0,0,51,62.74510192871094
2025-03-26,0,0,41,65.8536605834961
2025-03-27,0,0,29,55.17241287231445
2025-03-28,3,100,161,71.42857360839844
2025-03-29,8,62.5,447,65.10066986083984
2025-03-30,8,62.5,264,59.848487854003906
2025-03-31,1,100,66,68.18181610107422
2025-04-01,3,66.66667175293,72,65.27777862548828
2025-04-02,3,66.66667175293,152,67.10526275634766
2025-04-03,1,100,67,61.19403076171875
2025-04-04,3,33.333335876465,212,66.03773498535156
2025-04-05,10,40,673,65.23030853271484
2025-04-06,8,87.5,538,69.51673126220703
2025-04-07,3,100,97,62.8865966796875
2025-04-08,3,100,96,60.41666793823242
2025-04-09,2,100,116,68.96551513671875
2025-04-10,2,100,94,64.89361572265625
2025-04-11,7,85.714286804199,219,64.38356018066406
2025-04-12,15,80,630,68.4126968383789
2025-04-13,13,69.230773925781,507,70.61144256591797
2025-04-14,5,100,107,72.8971939086914
2025-04-15,2,100,69,72.4637680053711
2025-04-16,1,0,114,70.1754379272461
2025-04-17,8,75,139,59.71223068237305
2025-04-18,11,81.818183898926,346,68.49710845947266
2025-04-19,20,75,523,67.11280822753906
2025-04-20,14,85.714286804199,408,67.40196228027344
2025-04-21,5,80,261,66.28352355957031
2025-04-22,3,66.66667175293,86,56.976741790771484
2025-04-23,1,0,132,65.90909576416016
2025-04-24,1,100,96,60.41666793823242
2025-04-25,1,100,204,67.64705657958984
2025-04-26,11,81.818183898926,566,68.02120208740234
2025-04-27,12,66.66667175293,553,69.43942260742188
2025-04-28,3,100,121,60.33057403564453
2025-04-29,1,100,83,71.08433532714844
2025-04-30,1,100,86,56.976741790771484
2025-05-01,4,50,89,62.92135238647461
2025-05-02,4,100,224,72.32142639160156
2025-05-03,17,70.588233947754,555,66.12612915039062
2025-05-04,12,75,434,64.28571319580078
2025-05-05,4,75,133,68.42105102539062
2025-05-06,1,100,93,76.34408569335938
2025-05-07,3,100,122,54.918033599853516
2025-05-08,0,0,83,63.85542297363281
2025-05-09,3,66.66667175293,190,58.421051025390625
2025-05-10,12,75,465,69.247314453125
2025-05-11,20,55,443,65.46275329589844
2025-05-12,4,50,91,58.24176025390625
2025-05-13,1,100,79,73.417724609375
2025-05-14,5,100,123,65.0406494140625
2025-05-15,2,50,91,75.82418060302734
2025-05-16,6,33.333335876465,187,62.56684494018555
2025-05-17,12,58.333332061768,426,65.02347564697266
2025-05-18,18,66.66667175293,398,61.3065299987793
2025-05-19,0,0,90,70
2025-05-20,5,100,80,82.5
2025-05-21,1,0,103,72.8155288696289
2025-05-22,1,100,64,62.5
2025-05-23,1,100,136,67.64705657958984
2025-05-24,9,77.777778625488,374,66.04277801513672
2025-05-25,10,60.000003814697,342,66.08187103271484
2025-05-26,3,100,75,77.33332824707031
2025-05-27,0,0,43,51.16279220581055
2025-05-28,2,50,76,68.42105102539062
2025-05-30,1,100,95,65.2631607055664
2025-05-31,8,87.5,258,67.44186401367188
2025-06-01,5,60.000003814697,231,66.2337646484375
2025-06-02,1,0,39,66.66667175292969
2025-06-03,2,50,19,57.894737243652344
2025-06-04,0,0,38,65.78947448730469
2025-06-05,0,0,35,57.142860412597656
2025-06-06,4,75,73,69.8630142211914
2025-06-07,7,100,167,62.87425231933594
2025-06-08,0,0,125,64
2025-06-09,3,66.66667175293,41,65.8536605834961
2025-06-10,4,100,43,55.81395721435547
2025-06-11,2,100,58,56.896549224853516
2025-06-12,0,0,32,71.875
2025-06-13,0,0,61,57.377044677734375
2025-06-14,6,50,250,68.4000015258789
2025-06-15,4,50,179,62.56983184814453
2025-06-16,2,100,34,70.5882339477539
2025-06-17,1,0,32,75
2025-06-18,1,100,64,60.9375
2025-06-19,3,100,72,75
2025-06-20,1,100,62,61.29032516479492
2025-06-21,7,85.714286804199,210,65.23809814453125
2025-06-22,4,50,174,68.96551513671875
2025-06-23,0,0,47,59.574466705322266
2025-06-24,0,0,23,65.21739196777344
2025-06-25,1,100,50,60.000003814697266
2025-06-26,4,100,48,66.66667175292969
2025-06-27,0,0,83,63.85542297363281
2025-06-28,4,100,230,59.565216064453125
2025-06-29,3,33.333335876465,161,60.24844741821289
2025-06-30,1,100,44,65.90909576416016
2025-07-01,0,0,24,58.33333206176758
2025-07-02,0,0,48,60.41666793823242
2025-07-03,3,100,28,85.71428680419922
2025-07-04,1,100,56,62.5
2025-07-05,5,80,230,66.9565200805664
2025-07-06,4,25,136,68.38235473632812
2025-07-07,1,100,29,72.41378784179688
2025-07-08,0,0,32,56.25
2025-07-09,1,0,43,65.11627960205078
2025-07-10,4,50,49,71.42857360839844
2025-07-11,0,0,50,62
2025-07-12,6,66.66667175293,227,63.436119079589844
2025-07-13,5,60.000003814697,178,65.73033905029297
2025-07-14,2,50,46,69.56521606445312
2025-07-15,0,0,56,67.85713958740234
2025-07-16,2,100,48,62.5
2025-07-17,1,100,73,64.38356018066406
2025-07-18,2,100,101,67.32672882080078
2025-07-19,7,57.142860412598,367,64.03269958496094
2025-07-20,4,75,236,68.22034454345703
2025-07-21,2,50,52,57.69230651855469
2025-07-22,0,0,91,63.73626708984375
2025-07-23,0,0,60,65
2025-07-24,3,66.66667175293,85,65.88235473632812
2025-07-25,2,50,140,63.57143020629883
2025-07-26,5,80,413,65.61743927001953
2025-07-27,9,55.555557250977,252,65.47618865966797
2025-07-28,1,100,48,62.5
2025-07-29,1,100,56,67.85713958740234
2025-07-30,2,50,81,64.19752502441406
2025-07-31,1,100,83,67.46987915039062
2025-08-01,0,0,118,58.47457504272461
2025-08-02,5,80,441,68.48072052001953
2025-08-03,6,50,289,64.35986328125
2025-08-04,1,100,84,61.904762268066406
2025-08-05,1,0,51,66.66667175292969
2025-08-06,0,0,82,68.29268646240234
2025-08-07,2,50,71,66.19718170166016
2025-08-08,3,66.66667175293,169,65.08875274658203
2025-08-09,5,80,490,65.71428680419922
2025-08-10,5,100,362,69.6132583618164
2025-08-11,0,0,71,66.19718170166016
2025-08-12,0,0,114,59.64912033081055
2025-08-13,2,0,72,63.88888931274414
2025-08-14,2,50,75,76
2025-08-15,4,75,185,63.783782958984375
2025-08-16,6,66.66667175293,530,65.84905242919922
2025-08-17,6,83.33332824707,391,66.49616241455078
2025-08-18,1,0,102,57.843135833740234
2025-08-19,1,100,127,58.26771926879883
2025-08-20,1,100,75,70.66666412353516
2025-08-21,2,0,89,61.79774856567383
2025-08-22,4,75,205,61.463417053222656
2025-08-23,9,77.777778625488,531,70.8097915649414
2025-08-24,12,75,398,66.08040618896484
2025-08-25,2,50,169,63.3136100769043
2025-08-26,0,0,98,61.224491119384766
2025-08-27,0,0,84,64.28571319580078
2025-08-28,2,0,78,60.25640869140625
2025-08-29,1,100,183,66.66667175292969
2025-08-30,13,69.230773925781,520,69.42308044433594
2025-08-31,16,68.75,432,66.43518829345703
2025-09-01,1,0,62,58.06451416015625
2025-09-02,0,0,75,66.66667175292969
2025-09-03,0,0,43,60.46511459350586
2025-09-04,5,40,33,60.60606384277344
2025-09-05,9,88.888893127441,116,58.620689392089844
2025-09-06,6,50,337,68.24925231933594
2025-09-07,6,50,201,68.1592025756836
2025-09-08,5,100,66,78.78787994384766
2025-09-09,4,50,66,57.57575607299805
2025-09-10,3,100,54,79.62963104248047
2025-09-11,0,0,37,70.27027130126953
2025-09-12,3,33.333335876465,196,63.775508880615234
2025-09-13,11,72.727272033691,427,68.38407897949219
2025-09-14,12,41.666664123535,416,67.06730651855469
2025-09-15,1,100,85,56.4705924987793
2025-09-16,4,75,107,60.74766540527344
2025-09-17,3,66.66667175293,126,62.69841003417969
2025-09-18,3,100,67,77.6119384765625
2025-09-19,4,50,207,69.08212280273438
2025-09-20,8,62.5,530,66.2264175415039
2025-09-21,15,73.333335876465,400,67.75
2025-09-22,5,40,99,63.6363639831543
2025-09-23,5,60.000003814697,147,68.70748138427734
2025-09-24,1,0,163,68.71165466308594
2025-09-25,4,100,85,70.5882339477539
2025-09-26,2,100,189,67.72486877441406
2025-09-27,12,50,468,62.606834411621094
2025-09-28,16,68.75,430,66.0465087890625
2025-09-29,8,62.5,124,65.32257843017578
2025-09-30,7,71.428573608398,105,61.904762268066406
2025-10-01,3,33.333335876465,103,69.90291595458984
2025-10-02,3,100,83,72.28915405273438
2025-10-03,6,33.333335876465,207,70.5313949584961
2025-10-04,20,50,554,66.06498718261719
2025-10-05,22,63.636363983154,480,67.08333587646484
2025-10-06,0,0,48,77.08332824707031
2025-10-07,1,0,54,61.11111068725586
2025-10-08,2,100,44,56.818180084228516
2025-10-09,1,100,41,58.536582946777344
2025-10-10,4,75,106,67.92453002929688
2025-10-11,6,83.33332824707,348,65.80459594726562
2025-10-12,6,83.33332824707,260,62.69230651855469
2025-10-13,6,50,66,65.1515121459961
2025-10-14,6,100,85,67.05882263183594
2025-10-15,3,66.66667175293,35,65.71428680419922
2025-10-16,0,0,40,65
2025-10-17,3,100,201,66.16915130615234
2025-10-18,20,60.000003814697,615,66.82926940917969
2025-10-19,23,73.913040161133,430,67.20930480957031
2025-10-20,2,100,78,71.79487609863281
2025-10-21,1,100,136,71.32353210449219
2025-10-22,5,100,120,70.83332824707031
2025-10-23,5,60.000003814697,83,68.67469787597656
2025-10-24,3,66.66667175293,205,66.34146881103516
2025-10-25,17,70.588233947754,593,68.80269622802734
2025-10-26,17,58.823532104492,423,67.84870147705078
2025-10-27,3,100,74,63.513511657714844
2025-10-28,1,100,141,68.79432678222656
2025-10-29,3,66.66667175293,206,63.59223175048828
2025-10-30,1,0,101,58.41584014892578
2025-10-31,7,71.428573608398,192,64.58332824707031
2025-11-01,25,84,536,66.41790771484375
2025-11-02,15,73.333335876465,470,64.68084716796875
2025-11-03,1,100,100,65
2025-11-04,5,100,108,71.29629516601562
2025-11-05,4,25,92,64.13043975830078
2025-11-06,2,50,75,68
2025-11-07,4,50,197,73.09645080566406
2025-11-08,11,63.636363983154,615,65.6910629272461
2025-11-09,19,68.421051025391,459,67.1023941040039
2025-11-10,0,0,40,72.5
2025-11-11,0,0,67,71.64179229736328
2025-11-12,0,0,11,72.7272720336914
2025-11-13,3,66.66667175293,22,50
2025-11-14,5,80,67,53.731346130371094
2025-11-15,11,81.818183898926,309,66.3430404663086
2025-11-16,1,100,196,73.46939086914062
2025-11-17,1,100,26,65.38461303710938
2025-11-18,1,100,61,68.85246276855469
2025-11-19,1,100,20,65
2025-11-20,0,0,34,70.5882339477539
2025-11-21,3,66.66667175293,172,58.13953399658203
2025-11-22,14,71.428573608398,562,65.48043060302734
2025-11-23,10,70,397,70.52896881103516
2025-11-24,0,0,51,66.66667175292969
2025-11-25,3,66.66667175293,121,66.94214630126953
2025-11-26,2,100,93,63.440860748291016
2025-11-27,7,100,76,64.47368621826172
2025-11-28,6,33.333335876465,132,69.69696807861328
2025-11-29,13,69.230773925781,484,68.59503936767578
2025-11-30,14,71.428573608398,377,67.90451049804688
2025-12-01,3,33.333335876465,49,65.30612182617188
2025-12-02,1,100,94,60.63829803466797
2025-12-03,4,75,128,67.1875
2025-12-04,3,100,76,65.78947448730469
2025-12-05,3,66.66667175293,129,76.74418640136719
2025-12-06,14,92.857139587402,427,65.57376861572266
2025-12-07,5,100,311,66.55948638916016
2025-12-08,1,0,72,66.66667175292969
2025-12-09,4,100,74,66.21621704101562
2025-12-10,2,50,70,64.28571319580078
2025-12-11,4,100,65,61.5384635925293
2025-12-12,1,100,120,63.33333206176758
2025-12-13,7,42.8571434021,380,70.2631607055664
2025-12-14,13,69.230773925781,289,66.78201293945312
2025-12-15,0,0,40,82.5
2025-12-16,2,50,63,61.904762268066406
